mean,std,min,max,len,bp_delta,bp_theta,bp_alpha,bp_beta,semantic_relevance,interestingness,participant,topic,word,label_enc
-3.715941736684425,1.740720528388055,-6.587233114981754,-0.5588322356684334,2001,0.0008448634760630194,1.689909814694275e-06,6.393914626146089e-08,7.88715114659243e-09,0,5,TRPB101,ocean,that,0
4.858266052667037,2.940954221769238,0.4338377185450396,9.946720001470544,2001,0.0017962038924912535,4.850416203048501e-06,1.9782185480762975e-07,2.426915519813684e-08,0,6,TRPB101,wine,from,0
-4.0085598167192655,3.410075067082832,-11.294693653999131,0.42575493363609485,2001,0.0032853810231422923,7.879034172921554e-06,2.825237917589526e-07,3.4764745914354195e-08,1,6,TRPB101,wine,grapes,1
-7.86060094815799,2.732587896693164,-10.901425161183997,-1.4364987761716344,2001,0.0021975022153976776,5.88347735525899e-06,2.3585336588123515e-07,2.8946122741189023e-08,0,6,TRPB101,wine,or,0
-3.4163565499604465,3.625824878103804,-9.350347532161429,1.425732294112402,2001,0.0023828189639435032,6.678334391938305e-06,2.6976898124559495e-07,3.325007988712286e-08,0,6,TRPB101,euro,the,0
