,pearson_r,pearson_p,biserial_r,biserial_p
mean,-0.0019400540153238343,0.7672834891068964,-0.0021866170346109487,0.7387265945098598
std,-0.0447436687642217,8.58194343650302e-12,-0.007068250283395,0.2809524013654793
min,0.024474714832728915,0.0001885703991288404,0.0013666824919973107,0.8348623311350996
max,-0.025601212575520296,9.392612182825291e-05,-0.0052290389939469595,0.425087122877133
len,,,,
bp_delta,-0.06972180937353675,1.7794826473748557e-26,-0.00495084442441599,0.45013439189347654
bp_theta,-0.06702694360364678,1.3735228948236545e-24,-0.006121600335672789,0.35041812656931115
bp_alpha,-0.054381591846974796,1.0294255909073073e-16,-0.005325369961143089,0.4166074164365378
bp_beta,-0.054227671708543895,1.2546049897436773e-16,-0.005359809757011486,0.4136001738170622
