,t_statistic,p_value
mean,0.3318722462280993,0.7399908589551194
std,1.0788163773523283,0.2806885376399839
min,-0.20776070316381418,0.8354189267032011
max,0.7952506597898696,0.4264815664764283
len,,
bp_delta,0.7541307361309606,0.45078371214313606
bp_theta,0.9425952172445782,0.34590422264461307
bp_alpha,0.8214039466730458,0.411430120695626
bp_beta,0.8269065368779468,0.4083040400372082
